type,method,opcode,target
ModuleGroundSciencePart,OnStart,ldfld,CelestialBody.scaledBody
ModuleLiftingSurface,OnCenterOfLiftQuery,callvirt,Vessel.get_mainBody
ModuleLiftingSurface,OnCenterOfLiftQuery,callvirt,CelestialBody.GetSpeedOfSound
ModuleParachute,FixedUpdate,ldfld,Vessel.atmDensity
ModuleParachute,FixedUpdate,ldfld,Vessel.externalTemperature
ModuleParachute,FixedUpdate,ldfld,Vessel.mach
ModuleParachute,FixedUpdate,callvirt,Vessel.get_mainBody
ModuleParachute,FixedUpdate,call,FlightGlobals.getStaticPressure
ModuleParachute,ShouldDeploy,callvirt,Vessel.get_mainBody
ModuleParachute,ShouldDeploy,call,FlightGlobals.getAltitudeAtPos
ModuleParachute,UpdateCut,ldfld,Vessel.atmosphericTemperature
ModuleEngines,CalculateThrust,callvirt,Vessel.get_mainBody
ModuleEngines,CalculateThrust,ldfld,CelestialBody.ocean
ModuleEngines,CheckTransformsUnderwater,callvirt,Vessel.get_mainBody
ModuleEngines,CheckTransformsUnderwater,call,FlightGlobals.getAltitudeAtPos
ModuleSurfaceFX,Update,callvirt,Vessel.get_mainBody
ModuleSurfaceFX,Update,ldfld,CelestialBody.ocean
ModuleSurfaceFX,Update,call,FlightGlobals.getAltitudeAtPos
ModuleInventoryPart,SetPositionFromTerrain,callvirt,Vessel.get_mainBody
ModuleInventoryPart,SetPositionFromTerrain,call,FlightGlobals.getUpAxis
ModuleInventoryPart,SetPositionFromTerrain,callvirt,CelestialBody.get_position
ModuleInventoryPart,OnUpdate,callvirt,Vessel.get_mainBody
ModuleInventoryPart,OnUpdate,ldfld,CelestialBody.bodyTransform
ModuleInventoryPart,GetProtoVesselNode,callvirt,Vessel.get_mainBody
ModuleInventoryPart,GetProtoVesselNode,callvirt,CelestialBody.get_name
ModuleInventoryPart,GetProtoVesselNode,ldfld,Vessel.altitude
ModuleInventoryPart,GetProtoVesselNode,callvirt,CelestialBody.GetLatLonAlt
ModuleInventoryPart,GetProtoVesselNode,callvirt,CelestialBody.GetRelSurfacePosition
ModuleAsteroid,performSampleExperiment,callvirt,Vessel.get_mainBody
ModuleComet,performSampleExperiment,callvirt,Vessel.get_mainBody
ModuleTripLogger,LogVesselSituation,callvirt,Vessel.get_mainBody
ModuleTripLogger,LogNewSituation,callvirt,CelestialBody.get_name
ModuleTripLogger,ForceLogEntry,callvirt,CelestialBody.get_name
ModuleTripLogger,ForceLogEntry,callvirt,CelestialBody.get_name
ModuleActiveRadiator,InternalCooling,ldfld,Vessel.externalTemperature
ModuleDeployablePart,FixedUpdate,callvirt,Vessel.get_mainBody
ModuleDeployablePart,ShouldBreakFromG,ldfld,Vessel.geeForce
ModuleDeployablePart,CalculateTracking,callvirt,CelestialBody.get_displayName
ModuleDeployablePart,GetTrackingBodyTransforms,ldfld,CelestialBody.scaledBody
ModuleDeployableSolarPanel,PostCalculateTracking,callvirt,Vessel.get_mainBody
ModuleDeployableSolarPanel,PostCalculateTracking,call,FlightGlobals.getAltitudeAtPos
ModuleDeployableSolarPanel,PostCalculateTracking,ldfld,CelestialBody.oceanDensity
ModuleResourceIntake,FixedUpdate,callvirt,Vessel.get_mainBody
ModuleResourceIntake,FixedUpdate,ldfld,CelestialBody.atmosphereContainsOxygen
ModuleResourceIntake,FixedUpdate,ldfld,Vessel.staticPressurekPa
ModuleResourceIntake,FixedUpdate,ldfld,CelestialBody.ocean
ModuleResourceIntake,FixedUpdate,call,FlightGlobals.getAltitudeAtPos
ModuleResourceIntake,FixedUpdate,ldfld,Vessel.srf_vel_direction
ModuleResourceIntake,FixedUpdate,ldfld,Vessel.srfSpeed
ModuleResourceIntake,FixedUpdate,ldfld,Vessel.mach
ModuleResourceIntake,FixedUpdate,ldfld,Vessel.atmDensity
ModuleResourceIntake,FixedUpdate,ldfld,CelestialBody.oceanDensity
ModuleEnviroSensor,FixedUpdate,ldfld,CelestialBody.Radius
ModuleEnviroSensor,FixedUpdate,call,FlightGlobals.getGeeForceAtPosition
ModuleEnviroSensor,FixedUpdate,ldflda,Vessel.geeForce
ModuleEnviroSensor,FixedUpdate,ldfld,Vessel.staticPressurekPa
ModuleScienceExperiment,updateModuleUI,callvirt,Vessel.get_mainBody
ModuleScienceExperiment,ValidEVASituation,ldfld,Vessel.atmDensity
ModuleScienceExperiment,ValidEVASituation,callvirt,Vessel.get_mainBody
ModuleScienceExperiment,ValidEVASituation,ldfld,CelestialBody.bodyTemperature
ModuleScienceLab,sendDataToComms,callvirt,Vessel.get_mainBody
ModuleScienceLab,sendDataToComms,ldfld,CelestialBody.bodyName
ModuleDockingNode,GetSrfVelocity,ldfld,Vessel.srf_velocity
ModuleSampleCollector,Collect,callvirt,Vessel.get_mainBody
ModuleSampleCollector,Collect,callvirt,CelestialBody.get_displayName
ModulePartFirework,LaunchShell,ldfld,CelestialBody.atmosphere
ModulePartFirework,LaunchShell,ldfld,Vessel.altitude
ModulePartFirework,LaunchShell,ldfld,CelestialBody.atmosphereDepth
ModuleWheelBase,OnStart,callvirt,Vessel.get_mainBody
ModuleWheelBase,OnStart,ldfld,CelestialBody.GeeASL
ModuleWheelBase,wheelSetup,callvirt,Vessel.get_mainBody
ModuleWheelBase,wheelSetup,ldfld,CelestialBody.GeeASL
ModuleWheelBase,LSchloomphaVPPProcessing,ldfld,Vessel.srfSpeed
ModuleWheelBase,SOIChange,ldfld,CelestialBody.GeeASL
ModuleWheelBase,getFixTorque,callvirt,Vessel.get_mainBody
ModuleWheelBase,getFixTorque,ldfld,CelestialBody.GeeASL
ModuleWheelBase,ActionUIUpdate,callvirt,Vessel.get_mainBody
ModuleWheelBase,ActionUIUpdate,ldfld,CelestialBody.GeeASL
ModuleBiomeScanner,RunAnalysis,callvirt,Vessel.get_mainBody
ModuleBiomeScanner,RunAnalysis,callvirt,CelestialBody.get_displayName
ModuleBiomeScanner,RunAnalysis,callvirt,CelestialBody.get_flightGlobalsIndex
ModuleBiomeScanner,FixedUpdate,callvirt,Vessel.get_mainBody
ModuleBiomeScanner,FixedUpdate,callvirt,CelestialBody.get_flightGlobalsIndex
ModuleGPS,Update,callvirt,CelestialBody.get_displayName
ModuleOrbitalScanner,ToggleOverlay,callvirt,CelestialBody.get_flightGlobalsIndex
ModuleOrbitalScanner,FixedUpdate,callvirt,Vessel.get_mainBody
ModuleOrbitalScanner,FixedUpdate,callvirt,CelestialBody.get_flightGlobalsIndex
ModuleOrbitalScanner,SetupMap,callvirt,Vessel.get_mainBody
ModuleOrbitalScanner,ShowResourceName,callvirt,CelestialBody.get_flightGlobalsIndex
ModuleOrbitalScanner,IsSituationValid,callvirt,Vessel.get_mainBody
ModuleOrbitalScanner,IsSituationValid,ldfld,CelestialBody.BiomeMap
ModuleOrbitalScanner,IsSituationValid,callvirt,CelestialBody.get_displayName
ModuleOrbitalSurveyor,PerformSurvey,callvirt,Vessel.get_mainBody
ModuleOrbitalSurveyor,PerformSurvey,ldfld,CelestialBody.Radius
ModuleOrbitalSurveyor,OnStart,callvirt,Vessel.get_mainBody
ModuleOrbitalSurveyor,OnStart,ldfld,CelestialBody.Radius
ModuleOrbitalSurveyor,rescaleThresholds,callvirt,Vessel.get_mainBody
ModuleOrbitalSurveyor,rescaleThresholds,ldfld,CelestialBody.sphereOfInfluence
ModuleOrbitalSurveyor,rescaleThresholds,ldfld,CelestialBody.Radius
ModuleOrbitalSurveyor,sendDataToComms,callvirt,Vessel.get_mainBody
ModuleOrbitalSurveyor,sendDataToComms,ldfld,CelestialBody.Radius
ModuleOrbitalSurveyor,sendDataToComms,ldfld,CelestialBody.bodyName
ModuleOrbitalSurveyor,CompleteSurvey,callvirt,Vessel.get_mainBody
ModuleOrbitalSurveyor,CompleteSurvey,callvirt,CelestialBody.get_displayName
ModuleOrbitalSurveyor,CompleteSurvey,ldfld,CelestialBody.scienceValues
ModuleOrbitalSurveyor,CompleteSurvey,callvirt,CelestialBody.get_flightGlobalsIndex
ModuleOrbitalSurveyor,CheckForScanData,callvirt,Vessel.get_mainBody
ModuleOrbitalSurveyor,CheckForScanData,callvirt,CelestialBody.get_flightGlobalsIndex
ModuleResourceHarvester,PrepareRecipe,ldfld,Vessel.altitude
ModuleResourceHarvester,PrepareRecipe,callvirt,CelestialBody.get_flightGlobalsIndex
ModuleResourceHarvester,GetIntakeMultiplier,ldfld,Vessel.atmDensity
ModuleResourceHarvester,GetIntakeMultiplier,ldfld,Vessel.srfSpeed
ModuleResourceHarvester,GetIntakeMultiplier,ldfld,Vessel.srf_vel_direction
ModuleResourceHarvester,PostProcess,callvirt,Vessel.get_mainBody
ModuleResourceHarvester,PostProcess,callvirt,CelestialBody.get_flightGlobalsIndex
ModuleResourceHarvester,IsSituationValid,ldfld,Vessel.atmDensity
ModuleResourceScanner,Update,ldfld,Vessel.altitude
ModuleResourceScanner,Update,callvirt,CelestialBody.get_flightGlobalsIndex
ModuleResourceScanner,CheckAbundanceDisplay,ldfld,CelestialBody.atmosphere
ModuleResourceScanner,DisplayAbundance,callvirt,Vessel.get_mainBody
ModuleResourceScanner,DisplayAbundance,callvirt,CelestialBody.get_flightGlobalsIndex
ModuleWheelBrakes,FixedUpdate,callvirt,Vessel.get_mainBody
ModuleWheelBrakes,FixedUpdate,ldfld,CelestialBody.GeeASL
ModuleWheelMotor,FixedUpdate,callvirt,Vessel.get_mainBody
ModuleWheelMotor,FixedUpdate,ldfld,CelestialBody.GeeASL
ModuleWheelSuspension,SuspensionSpringUpdate,callvirt,Vessel.get_mainBody
ModuleWheelSuspension,SuspensionSpringUpdate,ldfld,CelestialBody.GeeASL
ModuleRobotArmScanner,CanScan,ldfld,Vessel.srfSpeed
